{
    "mse": 0.7759297662107479,
    "rmse": 0.88086875651867,
    "mae": 0.6765238083268064,
    "r2": 0.22474966906923344
}