{
    "mse": 0.7759297662107478,
    "rmse": 0.8808687565186699,
    "mae": 0.6765238083268064,
    "r2": 0.22474966906923366
}